i4wczlz,dethswatch,1,/r/Democrat/comments/u4ljyz/white_house_restarting_federal_oil_gas_lease/i4wczlz/,Democrat
i4w163a,Doinkel_McBoinkel,1,/r/Democrat/comments/u4iroh/why_has_the_news_stopped_showing_photos/i4w163a/,Democrat
i4vwq4c,Ok_Ranger9186,1,/r/Democrat/comments/u41ejo/new_york_subway_shooting_shows_washington_is/i4vwq4c/,Democrat
i4vwlyw,Ok_Ranger9186,1,/r/Democrat/comments/u4iroh/why_has_the_news_stopped_showing_photos/i4vwlyw/,Democrat
i4vok1d,dethswatch,1,/r/Democrat/comments/u3pxu8/democrats_see_signs_of_rick_scotts_gop_agenda/i4vok1d/,Democrat
i4vmlxj,superdave70360,1,/r/Democrat/comments/u41ejo/new_york_subway_shooting_shows_washington_is/i4vmlxj/,Democrat
i4visuu,Aildari,1,/r/Democrat/comments/u3pxu8/democrats_see_signs_of_rick_scotts_gop_agenda/i4visuu/,Democrat
i4us5io,dethswatch,1,/r/Democrat/comments/u3v0nu/poll_hispanics_arent_flocking_to_the_gop_but/i4us5io/,Democrat
i4uqj0e,goreadabook123,1,/r/Democrat/comments/u3v0nu/poll_hispanics_arent_flocking_to_the_gop_but/i4uqj0e/,Democrat
i4u5hfl,Ok_Ranger9186,1,/r/Democrat/comments/u31s1u/you_broke_it_you_bought_it/i4u5hfl/,Democrat
